id,type,position,wt_aa,mut_aa,position_2,wt_aa_2,mut_aa_2,description
SNP_84_QA,single,84,Q,A,,,,Q84A
SNP_84_QC,single,84,Q,C,,,,Q84C
SNP_84_QD,single,84,Q,D,,,,Q84D
SNP_84_QE,single,84,Q,E,,,,Q84E
SNP_84_QF,single,84,Q,F,,,,Q84F
SNP_84_QG,single,84,Q,G,,,,Q84G
SNP_84_QH,single,84,Q,H,,,,Q84H
SNP_84_QI,single,84,Q,I,,,,Q84I
SNP_84_QK,single,84,Q,K,,,,Q84K
SNP_84_QL,single,84,Q,L,,,,Q84L
SNP_84_QM,single,84,Q,M,,,,Q84M
SNP_84_QN,single,84,Q,N,,,,Q84N
SNP_84_QR,single,84,Q,R,,,,Q84R
SNP_84_QS,single,84,Q,S,,,,Q84S
SNP_84_QT,single,84,Q,T,,,,Q84T
SNP_84_QV,single,84,Q,V,,,,Q84V
SNP_84_QW,single,84,Q,W,,,,Q84W
SNP_84_QY,single,84,Q,Y,,,,Q84Y
SNP_85_VA,single,85,V,A,,,,V85A
SNP_85_VC,single,85,V,C,,,,V85C
SNP_85_VD,single,85,V,D,,,,V85D
SNP_85_VE,single,85,V,E,,,,V85E
SNP_85_VF,single,85,V,F,,,,V85F
SNP_85_VG,single,85,V,G,,,,V85G
SNP_85_VH,single,85,V,H,,,,V85H
SNP_85_VI,single,85,V,I,,,,V85I
SNP_85_VK,single,85,V,K,,,,V85K
SNP_85_VL,single,85,V,L,,,,V85L
SNP_85_VM,single,85,V,M,,,,V85M
SNP_85_VN,single,85,V,N,,,,V85N
SNP_85_VQ,single,85,V,Q,,,,V85Q
SNP_85_VR,single,85,V,R,,,,V85R
SNP_85_VS,single,85,V,S,,,,V85S
SNP_85_VT,single,85,V,T,,,,V85T
SNP_85_VW,single,85,V,W,,,,V85W
SNP_85_VY,single,85,V,Y,,,,V85Y
SNP_86_EA,single,86,E,A,,,,E86A
SNP_86_EC,single,86,E,C,,,,E86C
SNP_86_ED,single,86,E,D,,,,E86D
SNP_86_EF,single,86,E,F,,,,E86F
SNP_86_EG,single,86,E,G,,,,E86G
SNP_86_EH,single,86,E,H,,,,E86H
SNP_86_EI,single,86,E,I,,,,E86I
SNP_86_EL,single,86,E,L,,,,E86L
SNP_86_EM,single,86,E,M,,,,E86M
SNP_86_EN,single,86,E,N,,,,E86N
SNP_86_EQ,single,86,E,Q,,,,E86Q
SNP_86_ES,single,86,E,S,,,,E86S
SNP_86_ET,single,86,E,T,,,,E86T
SNP_86_EV,single,86,E,V,,,,E86V
SNP_86_EW,single,86,E,W,,,,E86W
SNP_86_EY,single,86,E,Y,,,,E86Y
SNP_88_EA,single,88,E,A,,,,E88A
SNP_88_EC,single,88,E,C,,,,E88C
SNP_88_ED,single,88,E,D,,,,E88D
SNP_88_EF,single,88,E,F,,,,E88F
SNP_88_EG,single,88,E,G,,,,E88G
SNP_88_EH,single,88,E,H,,,,E88H
SNP_88_EI,single,88,E,I,,,,E88I
SNP_88_EL,single,88,E,L,,,,E88L
SNP_88_EM,single,88,E,M,,,,E88M
SNP_88_EN,single,88,E,N,,,,E88N
SNP_88_EQ,single,88,E,Q,,,,E88Q
SNP_88_ES,single,88,E,S,,,,E88S
SNP_88_ET,single,88,E,T,,,,E88T
SNP_88_EV,single,88,E,V,,,,E88V
SNP_88_EW,single,88,E,W,,,,E88W
SNP_88_EY,single,88,E,Y,,,,E88Y
SNP_145_DA,single,145,D,A,,,,D145A
SNP_145_DC,single,145,D,C,,,,D145C
SNP_145_DE,single,145,D,E,,,,D145E
SNP_145_DF,single,145,D,F,,,,D145F
SNP_145_DG,single,145,D,G,,,,D145G
SNP_145_DH,single,145,D,H,,,,D145H
SNP_145_DI,single,145,D,I,,,,D145I
SNP_145_DL,single,145,D,L,,,,D145L
SNP_145_DM,single,145,D,M,,,,D145M
SNP_145_DN,single,145,D,N,,,,D145N
SNP_145_DQ,single,145,D,Q,,,,D145Q
SNP_145_DS,single,145,D,S,,,,D145S
SNP_145_DT,single,145,D,T,,,,D145T
SNP_145_DV,single,145,D,V,,,,D145V
SNP_145_DW,single,145,D,W,,,,D145W
SNP_145_DY,single,145,D,Y,,,,D145Y
SNP_146_TA,single,146,T,A,,,,T146A
SNP_146_TC,single,146,T,C,,,,T146C
SNP_146_TD,single,146,T,D,,,,T146D
SNP_146_TE,single,146,T,E,,,,T146E
SNP_146_TF,single,146,T,F,,,,T146F
SNP_146_TG,single,146,T,G,,,,T146G
SNP_146_TH,single,146,T,H,,,,T146H
SNP_146_TI,single,146,T,I,,,,T146I
SNP_146_TK,single,146,T,K,,,,T146K
SNP_146_TL,single,146,T,L,,,,T146L
SNP_146_TM,single,146,T,M,,,,T146M
SNP_146_TN,single,146,T,N,,,,T146N
SNP_146_TP,single,146,T,P,,,,T146P
SNP_146_TQ,single,146,T,Q,,,,T146Q
SNP_146_TR,single,146,T,R,,,,T146R
SNP_146_TS,single,146,T,S,,,,T146S
SNP_146_TV,single,146,T,V,,,,T146V
SNP_146_TW,single,146,T,W,,,,T146W
SNP_146_TY,single,146,T,Y,,,,T146Y
SNP_147_FA,single,147,F,A,,,,F147A
SNP_147_FC,single,147,F,C,,,,F147C
SNP_147_FD,single,147,F,D,,,,F147D
SNP_147_FE,single,147,F,E,,,,F147E
SNP_147_FG,single,147,F,G,,,,F147G
SNP_147_FH,single,147,F,H,,,,F147H
SNP_147_FI,single,147,F,I,,,,F147I
SNP_147_FK,single,147,F,K,,,,F147K
SNP_147_FL,single,147,F,L,,,,F147L
SNP_147_FM,single,147,F,M,,,,F147M
SNP_147_FN,single,147,F,N,,,,F147N
SNP_147_FQ,single,147,F,Q,,,,F147Q
SNP_147_FR,single,147,F,R,,,,F147R
SNP_147_FS,single,147,F,S,,,,F147S
SNP_147_FT,single,147,F,T,,,,F147T
SNP_147_FV,single,147,F,V,,,,F147V
SNP_147_FW,single,147,F,W,,,,F147W
SNP_147_FY,single,147,F,Y,,,,F147Y
SNP_151_IA,single,151,I,A,,,,I151A
SNP_151_IC,single,151,I,C,,,,I151C
SNP_151_ID,single,151,I,D,,,,I151D
SNP_151_IE,single,151,I,E,,,,I151E
SNP_151_IF,single,151,I,F,,,,I151F
SNP_151_IG,single,151,I,G,,,,I151G
SNP_151_IH,single,151,I,H,,,,I151H
SNP_151_IK,single,151,I,K,,,,I151K
SNP_151_IL,single,151,I,L,,,,I151L
SNP_151_IM,single,151,I,M,,,,I151M
SNP_151_IN,single,151,I,N,,,,I151N
SNP_151_IQ,single,151,I,Q,,,,I151Q
SNP_151_IR,single,151,I,R,,,,I151R
SNP_151_IS,single,151,I,S,,,,I151S
SNP_151_IT,single,151,I,T,,,,I151T
SNP_151_IV,single,151,I,V,,,,I151V
SNP_151_IW,single,151,I,W,,,,I151W
SNP_151_IY,single,151,I,Y,,,,I151Y
SNP_161_TA,single,161,T,A,,,,T161A
SNP_161_TC,single,161,T,C,,,,T161C
SNP_161_TD,single,161,T,D,,,,T161D
SNP_161_TE,single,161,T,E,,,,T161E
SNP_161_TF,single,161,T,F,,,,T161F
SNP_161_TG,single,161,T,G,,,,T161G
SNP_161_TH,single,161,T,H,,,,T161H
SNP_161_TI,single,161,T,I,,,,T161I
SNP_161_TK,single,161,T,K,,,,T161K
SNP_161_TL,single,161,T,L,,,,T161L
SNP_161_TM,single,161,T,M,,,,T161M
SNP_161_TN,single,161,T,N,,,,T161N
SNP_161_TP,single,161,T,P,,,,T161P
SNP_161_TQ,single,161,T,Q,,,,T161Q
SNP_161_TR,single,161,T,R,,,,T161R
SNP_161_TS,single,161,T,S,,,,T161S
SNP_161_TV,single,161,T,V,,,,T161V
SNP_161_TW,single,161,T,W,,,,T161W
SNP_161_TY,single,161,T,Y,,,,T161Y
SNP_163_VA,single,163,V,A,,,,V163A
SNP_163_VC,single,163,V,C,,,,V163C
SNP_163_VD,single,163,V,D,,,,V163D
SNP_163_VE,single,163,V,E,,,,V163E
SNP_163_VF,single,163,V,F,,,,V163F
SNP_163_VG,single,163,V,G,,,,V163G
SNP_163_VH,single,163,V,H,,,,V163H
SNP_163_VI,single,163,V,I,,,,V163I
SNP_163_VK,single,163,V,K,,,,V163K
SNP_163_VL,single,163,V,L,,,,V163L
SNP_163_VM,single,163,V,M,,,,V163M
SNP_163_VN,single,163,V,N,,,,V163N
SNP_163_VQ,single,163,V,Q,,,,V163Q
SNP_163_VR,single,163,V,R,,,,V163R
SNP_163_VS,single,163,V,S,,,,V163S
SNP_163_VT,single,163,V,T,,,,V163T
SNP_163_VW,single,163,V,W,,,,V163W
SNP_163_VY,single,163,V,Y,,,,V163Y
SNP_164_IA,single,164,I,A,,,,I164A
SNP_164_IC,single,164,I,C,,,,I164C
SNP_164_ID,single,164,I,D,,,,I164D
SNP_164_IE,single,164,I,E,,,,I164E
SNP_164_IF,single,164,I,F,,,,I164F
SNP_164_IG,single,164,I,G,,,,I164G
SNP_164_IH,single,164,I,H,,,,I164H
SNP_164_IK,single,164,I,K,,,,I164K
SNP_164_IL,single,164,I,L,,,,I164L
SNP_164_IM,single,164,I,M,,,,I164M
SNP_164_IN,single,164,I,N,,,,I164N
SNP_164_IQ,single,164,I,Q,,,,I164Q
SNP_164_IR,single,164,I,R,,,,I164R
SNP_164_IS,single,164,I,S,,,,I164S
SNP_164_IT,single,164,I,T,,,,I164T
SNP_164_IV,single,164,I,V,,,,I164V
SNP_164_IW,single,164,I,W,,,,I164W
SNP_164_IY,single,164,I,Y,,,,I164Y
SNP_165_GA,single,165,G,A,,,,G165A
SNP_165_GC,single,165,G,C,,,,G165C
SNP_165_GD,single,165,G,D,,,,G165D
SNP_165_GE,single,165,G,E,,,,G165E
SNP_165_GF,single,165,G,F,,,,G165F
SNP_165_GH,single,165,G,H,,,,G165H
SNP_165_GI,single,165,G,I,,,,G165I
SNP_165_GK,single,165,G,K,,,,G165K
SNP_165_GL,single,165,G,L,,,,G165L
SNP_165_GM,single,165,G,M,,,,G165M
SNP_165_GN,single,165,G,N,,,,G165N
SNP_165_GP,single,165,G,P,,,,G165P
SNP_165_GQ,single,165,G,Q,,,,G165Q
SNP_165_GR,single,165,G,R,,,,G165R
SNP_165_GS,single,165,G,S,,,,G165S
SNP_165_GT,single,165,G,T,,,,G165T
SNP_165_GV,single,165,G,V,,,,G165V
SNP_167_PA,single,167,P,A,,,,P167A
SNP_168_GA,single,168,G,A,,,,G168A
SNP_168_GC,single,168,G,C,,,,G168C
SNP_168_GD,single,168,G,D,,,,G168D
SNP_168_GE,single,168,G,E,,,,G168E
SNP_168_GF,single,168,G,F,,,,G168F
SNP_168_GH,single,168,G,H,,,,G168H
SNP_168_GI,single,168,G,I,,,,G168I
SNP_168_GK,single,168,G,K,,,,G168K
SNP_168_GL,single,168,G,L,,,,G168L
SNP_168_GM,single,168,G,M,,,,G168M
SNP_168_GN,single,168,G,N,,,,G168N
SNP_168_GP,single,168,G,P,,,,G168P
SNP_168_GQ,single,168,G,Q,,,,G168Q
SNP_168_GR,single,168,G,R,,,,G168R
SNP_168_GS,single,168,G,S,,,,G168S
SNP_168_GT,single,168,G,T,,,,G168T
SNP_168_GV,single,168,G,V,,,,G168V
SNP_171_FA,single,171,F,A,,,,F171A
SNP_171_FC,single,171,F,C,,,,F171C
SNP_171_FD,single,171,F,D,,,,F171D
SNP_171_FE,single,171,F,E,,,,F171E
SNP_171_FG,single,171,F,G,,,,F171G
SNP_171_FH,single,171,F,H,,,,F171H
SNP_171_FI,single,171,F,I,,,,F171I
SNP_171_FK,single,171,F,K,,,,F171K
SNP_171_FL,single,171,F,L,,,,F171L
SNP_171_FM,single,171,F,M,,,,F171M
SNP_171_FN,single,171,F,N,,,,F171N
SNP_171_FQ,single,171,F,Q,,,,F171Q
SNP_171_FR,single,171,F,R,,,,F171R
SNP_171_FS,single,171,F,S,,,,F171S
SNP_171_FT,single,171,F,T,,,,F171T
SNP_171_FV,single,171,F,V,,,,F171V
SNP_171_FW,single,171,F,W,,,,F171W
SNP_171_FY,single,171,F,Y,,,,F171Y
DBL_84_A_85_A,double,84,Q,A,85,V,A,Q84A+V85A
DBL_84_A_85_C,double,84,Q,A,85,V,C,Q84A+V85C
DBL_84_A_85_D,double,84,Q,A,85,V,D,Q84A+V85D
DBL_84_A_85_E,double,84,Q,A,85,V,E,Q84A+V85E
DBL_84_A_85_F,double,84,Q,A,85,V,F,Q84A+V85F
DBL_84_A_85_G,double,84,Q,A,85,V,G,Q84A+V85G
DBL_84_A_85_H,double,84,Q,A,85,V,H,Q84A+V85H
DBL_84_A_85_I,double,84,Q,A,85,V,I,Q84A+V85I
DBL_84_A_85_K,double,84,Q,A,85,V,K,Q84A+V85K
DBL_84_A_85_L,double,84,Q,A,85,V,L,Q84A+V85L
DBL_84_A_85_M,double,84,Q,A,85,V,M,Q84A+V85M
DBL_84_A_85_N,double,84,Q,A,85,V,N,Q84A+V85N
DBL_84_A_85_Q,double,84,Q,A,85,V,Q,Q84A+V85Q
DBL_84_A_85_R,double,84,Q,A,85,V,R,Q84A+V85R
DBL_84_A_85_S,double,84,Q,A,85,V,S,Q84A+V85S
DBL_84_A_85_T,double,84,Q,A,85,V,T,Q84A+V85T
DBL_84_A_85_W,double,84,Q,A,85,V,W,Q84A+V85W
DBL_84_A_85_Y,double,84,Q,A,85,V,Y,Q84A+V85Y
DBL_84_A_86_A,double,84,Q,A,86,E,A,Q84A+E86A
DBL_84_A_86_C,double,84,Q,A,86,E,C,Q84A+E86C
DBL_84_A_86_D,double,84,Q,A,86,E,D,Q84A+E86D
DBL_84_A_86_F,double,84,Q,A,86,E,F,Q84A+E86F
DBL_84_A_86_G,double,84,Q,A,86,E,G,Q84A+E86G
DBL_84_A_86_H,double,84,Q,A,86,E,H,Q84A+E86H
DBL_84_A_86_I,double,84,Q,A,86,E,I,Q84A+E86I
DBL_84_A_86_L,double,84,Q,A,86,E,L,Q84A+E86L
DBL_84_A_86_M,double,84,Q,A,86,E,M,Q84A+E86M
DBL_84_A_86_N,double,84,Q,A,86,E,N,Q84A+E86N
DBL_84_A_86_Q,double,84,Q,A,86,E,Q,Q84A+E86Q
DBL_84_A_86_S,double,84,Q,A,86,E,S,Q84A+E86S
DBL_84_A_86_T,double,84,Q,A,86,E,T,Q84A+E86T
DBL_84_A_86_V,double,84,Q,A,86,E,V,Q84A+E86V
DBL_84_A_86_W,double,84,Q,A,86,E,W,Q84A+E86W
DBL_84_A_86_Y,double,84,Q,A,86,E,Y,Q84A+E86Y
DBL_84_A_88_A,double,84,Q,A,88,E,A,Q84A+E88A
DBL_84_A_88_C,double,84,Q,A,88,E,C,Q84A+E88C
DBL_84_A_88_D,double,84,Q,A,88,E,D,Q84A+E88D
DBL_84_A_88_F,double,84,Q,A,88,E,F,Q84A+E88F
DBL_84_A_88_G,double,84,Q,A,88,E,G,Q84A+E88G
DBL_84_A_88_H,double,84,Q,A,88,E,H,Q84A+E88H
DBL_84_A_88_I,double,84,Q,A,88,E,I,Q84A+E88I
DBL_84_A_88_L,double,84,Q,A,88,E,L,Q84A+E88L
DBL_84_A_88_M,double,84,Q,A,88,E,M,Q84A+E88M
DBL_84_A_88_N,double,84,Q,A,88,E,N,Q84A+E88N
DBL_84_A_88_Q,double,84,Q,A,88,E,Q,Q84A+E88Q
DBL_84_A_88_S,double,84,Q,A,88,E,S,Q84A+E88S
DBL_84_A_88_T,double,84,Q,A,88,E,T,Q84A+E88T
DBL_84_A_88_V,double,84,Q,A,88,E,V,Q84A+E88V
DBL_84_A_88_W,double,84,Q,A,88,E,W,Q84A+E88W
DBL_84_A_88_Y,double,84,Q,A,88,E,Y,Q84A+E88Y
DBL_84_A_145_A,double,84,Q,A,145,D,A,Q84A+D145A
DBL_84_A_145_C,double,84,Q,A,145,D,C,Q84A+D145C
DBL_84_A_145_E,double,84,Q,A,145,D,E,Q84A+D145E
DBL_84_A_145_F,double,84,Q,A,145,D,F,Q84A+D145F
DBL_84_A_145_G,double,84,Q,A,145,D,G,Q84A+D145G
DBL_84_A_145_H,double,84,Q,A,145,D,H,Q84A+D145H
DBL_84_A_145_I,double,84,Q,A,145,D,I,Q84A+D145I
DBL_84_A_145_L,double,84,Q,A,145,D,L,Q84A+D145L
DBL_84_A_145_M,double,84,Q,A,145,D,M,Q84A+D145M
DBL_84_A_145_N,double,84,Q,A,145,D,N,Q84A+D145N
