id,type,split,position,wt_aa,mut_aa,description,dg_measured,dg_predicted,dg_std,ddg,distance_to_ligand
SNP_171_FR,single,train,171,F,R,F171R,-4.92,-4.921,0.004,1.58,7.87
SNP_164_IR,single,train,164,I,R,I164R,-4.944,-4.946,0.004,1.556,9.32
SNP_171_FD,single,train,171,F,D,F171D,-4.977,-4.977,0.004,1.523,7.87
SNP_168_GR,single,test,168,G,R,G168R,-4.982,-5.02,0.013,1.518,7.0
SNP_171_FE,single,train,171,F,E,F171E,-5.031,-5.031,0.004,1.469,7.87
SNP_164_ID,single,train,164,I,D,I164D,-5.046,-5.046,0.004,1.454,9.32
SNP_171_FK,single,train,171,F,K,F171K,-5.049,-5.048,0.004,1.451,7.87
SNP_164_IK,single,train,164,I,K,I164K,-5.051,-5.049,0.004,1.449,9.32
SNP_165_GR,single,train,165,G,R,G165R,-5.088,-5.089,0.004,1.412,7.57
SNP_164_IE,single,train,164,I,E,I164E,-5.091,-5.093,0.004,1.409,9.32
SNP_168_GK,single,test,168,G,K,G168K,-5.126,-5.155,0.013,1.374,7.0
SNP_85_VR,single,train,85,V,R,V85R,-5.206,-5.206,0.004,1.294,10.85
SNP_165_GK,single,train,165,G,K,G165K,-5.221,-5.22,0.004,1.279,7.57
SNP_163_VR,single,train,163,V,R,V163R,-5.224,-5.223,0.004,1.276,10.97
SNP_168_GE,single,test,168,G,E,G168E,-5.279,-5.304,0.013,1.221,7.0
SNP_85_VK,single,train,85,V,K,V85K,-5.295,-5.295,0.004,1.205,10.85
SNP_163_VK,single,train,163,V,K,V163K,-5.312,-5.312,0.004,1.188,10.97
SNP_171_FH,single,train,171,F,H,F171H,-5.327,-5.328,0.004,1.173,7.87
SNP_164_IH,single,train,164,I,H,I164H,-5.338,-5.34,0.004,1.162,9.32
SNP_168_GD,single,test,168,G,D,G168D,-5.339,-5.36,0.012,1.161,7.0
SNP_165_GE,single,train,165,G,E,G165E,-5.364,-5.364,0.004,1.136,7.57
SNP_85_VD,single,train,85,V,D,V85D,-5.369,-5.369,0.004,1.131,10.85
SNP_163_VD,single,train,163,V,D,V163D,-5.385,-5.384,0.004,1.115,10.97
SNP_85_VE,single,train,85,V,E,V85E,-5.39,-5.39,0.004,1.11,10.85
SNP_163_VE,single,train,163,V,E,V163E,-5.405,-5.405,0.004,1.095,10.97
SNP_165_GD,single,train,165,G,D,G165D,-5.42,-5.42,0.004,1.08,7.57
SNP_164_IN,single,train,164,I,N,I164N,-5.432,-5.433,0.004,1.068,9.32
SNP_171_FN,single,train,171,F,N,F171N,-5.441,-5.441,0.004,1.059,7.87
SNP_164_IQ,single,train,164,I,Q,I164Q,-5.477,-5.474,0.004,1.023,9.32
SNP_171_FQ,single,train,171,F,Q,F171Q,-5.494,-5.493,0.004,1.006,7.87
SNP_168_GH,single,test,168,G,H,G168H,-5.549,-5.566,0.012,0.951,7.0
SNP_85_VH,single,train,85,V,H,V85H,-5.556,-5.557,0.004,0.944,10.85
SNP_163_VH,single,train,163,V,H,V163H,-5.57,-5.57,0.004,0.93,10.97
SNP_165_GH,single,train,165,G,H,G165H,-5.615,-5.618,0.004,0.885,7.57
SNP_85_VN,single,train,85,V,N,V85N,-5.688,-5.687,0.004,0.812,10.85
SNP_85_VQ,single,train,85,V,Q,V85Q,-5.688,-5.688,0.004,0.812,10.85
SNP_164_IG,single,train,164,I,G,I164G,-5.699,-5.699,0.004,0.801,9.32
SNP_163_VN,single,train,163,V,N,V163N,-5.7,-5.7,0.004,0.8,10.97
SNP_163_VQ,single,train,163,V,Q,V163Q,-5.7,-5.7,0.004,0.8,10.97
SNP_164_IS,single,train,164,I,S,I164S,-5.712,-5.712,0.004,0.788,9.32
SNP_164_IW,single,train,164,I,W,I164W,-5.729,-5.729,0.004,0.771,9.32
SNP_164_IY,single,train,164,I,Y,I164Y,-5.734,-5.734,0.004,0.766,9.32
SNP_171_FG,single,train,171,F,G,F171G,-5.761,-5.761,0.004,0.739,7.87
SNP_168_GQ,single,test,168,G,Q,G168Q,-5.763,-5.758,0.011,0.737,7.0
SNP_164_IT,single,train,164,I,T,I164T,-5.774,-5.774,0.004,0.726,9.32
SNP_171_FS,single,train,171,F,S,F171S,-5.776,-5.776,0.004,0.724,7.87
SNP_165_GQ,single,train,165,G,Q,G165Q,-5.814,-5.812,0.004,0.686,7.57
SNP_168_GN,single,test,168,G,N,G168N,-5.823,-5.819,0.011,0.677,7.0
SNP_171_FT,single,train,171,F,T,F171T,-5.851,-5.851,0.004,0.649,7.87
SNP_85_VW,single,train,85,V,W,V85W,-5.855,-5.855,0.004,0.645,10.85
SNP_85_VY,single,train,85,V,Y,V85Y,-5.859,-5.859,0.004,0.641,10.85
SNP_171_FW,single,train,171,F,W,F171W,-5.863,-5.863,0.004,0.637,7.87
SNP_163_VW,single,train,163,V,W,V163W,-5.864,-5.864,0.004,0.636,10.97
SNP_163_VY,single,train,163,V,Y,V163Y,-5.868,-5.869,0.004,0.632,10.97
SNP_171_FY,single,train,171,F,Y,F171Y,-5.869,-5.869,0.004,0.631,7.87
SNP_165_GN,single,train,165,G,N,G165N,-5.87,-5.87,0.004,0.63,7.57
SNP_85_VG,single,train,85,V,G,V85G,-5.909,-5.909,0.004,0.591,10.85
SNP_163_VG,single,train,163,V,G,V163G,-5.917,-5.917,0.004,0.583,10.97
SNP_85_VS,single,train,85,V,S,V85S,-5.919,-5.919,0.004,0.581,10.85
SNP_161_TR,single,train,161,T,R,T161R,-5.927,-5.927,0.004,0.573,13.66
SNP_163_VS,single,train,163,V,S,V163S,-5.927,-5.927,0.004,0.573,10.97
SNP_147_FR,single,train,147,F,R,F147R,-5.941,-5.942,0.004,0.559,16.17
SNP_146_TR,single,train,146,T,R,T146R,-5.949,-5.949,0.004,0.551,13.98
SNP_147_FD,single,train,147,F,D,F147D,-5.961,-5.96,0.004,0.539,16.17
SNP_85_VT,single,train,85,V,T,V85T,-5.971,-5.971,0.004,0.529,10.85
SNP_163_VT,single,train,163,V,T,V163T,-5.978,-5.978,0.004,0.522,10.97
SNP_147_FE,single,train,147,F,E,F147E,-5.98,-5.981,0.004,0.52,16.17
SNP_147_FK,single,train,147,F,K,F147K,-5.986,-5.985,0.004,0.514,16.17
SNP_161_TK,single,train,161,T,K,T161K,-5.989,-5.989,0.004,0.511,13.66
SNP_88_EH,single,train,88,E,H,E88H,-6.003,-6.003,0.004,0.497,10.07
SNP_86_EH,single,train,86,E,H,E86H,-6.008,-6.008,0.004,0.492,10.16
SNP_146_TK,single,train,146,T,K,T146K,-6.009,-6.009,0.004,0.491,13.98
SNP_164_IA,single,train,164,I,A,I164A,-6.021,-6.02,0.004,0.479,9.32
SNP_161_TE,single,train,161,T,E,T161E,-6.056,-6.056,0.004,0.444,13.66
SNP_151_IR,single,train,151,I,R,I151R,-6.071,-6.071,0.004,0.429,19.63
SNP_146_TE,single,train,146,T,E,T146E,-6.073,-6.073,0.004,0.427,13.98
SNP_161_TD,single,train,161,T,D,T161D,-6.077,-6.077,0.004,0.423,13.66
SNP_147_FH,single,train,147,F,H,F147H,-6.085,-6.085,0.004,0.415,16.17
SNP_146_TD,single,train,146,T,D,T146D,-6.093,-6.093,0.004,0.407,13.98
SNP_151_ID,single,train,151,I,D,I151D,-6.099,-6.099,0.004,0.401,19.63
SNP_151_IK,single,train,151,I,K,I151K,-6.101,-6.102,0.004,0.399,19.63
SNP_151_IE,single,train,151,I,E,I151E,-6.112,-6.111,0.004,0.388,19.63
SNP_147_FN,single,train,147,F,N,F147N,-6.125,-6.125,0.004,0.375,16.17
SNP_88_EN,single,train,88,E,N,E88N,-6.13,-6.13,0.004,0.37,10.07
SNP_86_EN,single,train,86,E,N,E86N,-6.134,-6.134,0.004,0.366,10.16
SNP_147_FQ,single,train,147,F,Q,F147Q,-6.144,-6.144,0.004,0.356,16.17
SNP_171_FA,single,train,171,F,A,F171A,-6.147,-6.147,0.004,0.353,7.87
SNP_88_EQ,single,train,88,E,Q,E88Q,-6.148,-6.148,0.004,0.352,10.07
SNP_86_EQ,single,train,86,E,Q,E86Q,-6.152,-6.152,0.004,0.348,10.16
SNP_164_IC,single,train,164,I,C,I164C,-6.156,-6.157,0.004,0.344,9.32
SNP_168_GP,single,test,168,G,P,G168P,-6.16,-6.153,0.01,0.34,7.0
SNP_161_TH,single,train,161,T,H,T161H,-6.174,-6.174,0.004,0.326,13.66
SNP_85_VA,single,train,85,V,A,V85A,-6.175,-6.175,0.004,0.325,10.85
SNP_164_IM,single,train,164,I,M,I164M,-6.176,-6.175,0.004,0.324,9.32
SNP_163_VA,single,train,163,V,A,V163A,-6.179,-6.18,0.004,0.321,10.97
SNP_151_IH,single,train,151,I,H,I151H,-6.18,-6.18,0.004,0.32,19.63
SNP_84_QR,single,test,84,Q,R,Q84R,-6.181,-6.181,0.085,0.319,14.16
SNP_165_GP,single,train,165,G,P,G165P,-6.183,-6.183,0.004,0.317,7.57
SNP_146_TH,single,train,146,T,H,T146H,-6.186,-6.186,0.004,0.314,13.98
SNP_151_IN,single,train,151,I,N,I151N,-6.206,-6.206,0.004,0.294,19.63
SNP_151_IQ,single,train,151,I,Q,I151Q,-6.218,-6.218,0.004,0.282,19.63
SNP_85_VM,single,train,85,V,M,V85M,-6.224,-6.224,0.004,0.276,10.85
SNP_163_VM,single,train,163,V,M,V163M,-6.228,-6.228,0.004,0.272,10.97
SNP_147_FG,single,train,147,F,G,F147G,-6.238,-6.238,0.004,0.262,16.17
SNP_84_QK,single,test,84,Q,K,Q84K,-6.24,-6.232,0.078,0.26,14.16
SNP_147_FS,single,train,147,F,S,F147S,-6.244,-6.244,0.004,0.256,16.17
SNP_164_IF,single,train,164,I,F,I164F,-6.261,-6.261,0.004,0.239,9.32
SNP_84_QD,single,test,84,Q,D,Q84D,-6.264,-6.245,0.116,0.236,14.16
SNP_161_TQ,single,train,161,T,Q,T161Q,-6.267,-6.268,0.004,0.233,13.66
SNP_147_FT,single,train,147,F,T,F147T,-6.27,-6.27,0.004,0.23,16.17
SNP_147_FW,single,train,147,F,W,F147W,-6.274,-6.274,0.004,0.226,16.17
SNP_146_TQ,single,train,146,T,Q,T146Q,-6.276,-6.276,0.004,0.224,13.98
SNP_147_FY,single,train,147,F,Y,F147Y,-6.276,-6.276,0.004,0.224,16.17
SNP_151_IG,single,train,151,I,G,I151G,-6.279,-6.279,0.004,0.221,19.63
SNP_145_DH,single,test,145,D,H,D145H,-6.283,-6.227,0.133,0.217,17.34
SNP_151_IS,single,train,151,I,S,I151S,-6.283,-6.283,0.004,0.217,19.63
SNP_85_VC,single,train,85,V,C,V85C,-6.286,-6.286,0.004,0.214,10.85
SNP_151_IW,single,train,151,I,W,I151W,-6.288,-6.288,0.004,0.212,19.63
SNP_84_QE,single,test,84,Q,E,Q84E,-6.289,-6.281,0.129,0.211,14.16
SNP_151_IY,single,train,151,I,Y,I151Y,-6.289,-6.289,0.004,0.211,19.63
SNP_163_VC,single,train,163,V,C,V163C,-6.289,-6.288,0.004,0.211,10.97
SNP_161_TN,single,train,161,T,N,T161N,-6.293,-6.292,0.004,0.207,13.66
SNP_85_VF,single,train,85,V,F,V85F,-6.294,-6.294,0.004,0.206,10.85
SNP_163_VF,single,train,163,V,F,V163F,-6.297,-6.297,0.004,0.203,10.97
SNP_151_IT,single,train,151,I,T,I151T,-6.3,-6.3,0.004,0.2,19.63
SNP_168_GT,single,test,168,G,T,G168T,-6.3,-6.289,0.011,0.2,7.0
SNP_146_TN,single,train,146,T,N,T146N,-6.301,-6.301,0.004,0.199,13.98
SNP_171_FC,single,train,171,F,C,F171C,-6.308,-6.308,0.004,0.192,7.87
SNP_165_GT,single,train,165,G,T,G165T,-6.314,-6.314,0.004,0.186,7.57
SNP_88_EW,single,train,88,E,W,E88W,-6.332,-6.333,0.004,0.168,10.07
SNP_171_FM,single,train,171,F,M,F171M,-6.332,-6.332,0.004,0.168,7.87
SNP_86_EW,single,train,86,E,W,E86W,-6.334,-6.333,0.004,0.166,10.16
SNP_88_EY,single,train,88,E,Y,E88Y,-6.336,-6.336,0.004,0.164,10.07
SNP_86_EY,single,train,86,E,Y,E86Y,-6.338,-6.338,0.004,0.162,10.16
SNP_145_DQ,single,test,145,D,Q,D145Q,-6.341,-6.302,0.113,0.159,17.34
SNP_168_GS,single,test,168,G,S,G168S,-6.35,-6.338,0.011,0.15,7.0
SNP_145_DN,single,test,145,D,N,D145N,-6.358,-6.291,0.124,0.142,17.34
SNP_165_GS,single,train,165,G,S,G165S,-6.36,-6.36,0.004,0.14,7.57
SNP_151_IA,single,train,151,I,A,I151A,-6.368,-6.368,0.004,0.132,19.63
SNP_88_EG,single,train,88,E,G,E88G,-6.373,-6.374,0.004,0.127,10.07
SNP_86_EG,single,train,86,E,G,E86G,-6.374,-6.373,0.004,0.126,10.16
SNP_147_FA,single,train,147,F,A,F147A,-6.375,-6.375,0.004,0.125,16.17
SNP_88_ES,single,train,88,E,S,E88S,-6.384,-6.385,0.004,0.116,10.07
SNP_161_TW,single,train,161,T,W,T161W,-6.384,-6.384,0.004,0.116,13.66
SNP_86_ES,single,train,86,E,S,E86S,-6.385,-6.385,0.004,0.115,10.16
SNP_161_TY,single,train,161,T,Y,T161Y,-6.387,-6.387,0.004,0.113,13.66
SNP_146_TW,single,train,146,T,W,T146W,-6.388,-6.388,0.004,0.112,13.98
SNP_146_TY,single,train,146,T,Y,T146Y,-6.391,-6.391,0.004,0.109,13.98
SNP_151_IC,single,train,151,I,C,I151C,-6.405,-6.405,0.004,0.095,19.63
SNP_151_IM,single,train,151,I,M,I151M,-6.411,-6.411,0.004,0.089,19.63
SNP_84_QH,single,test,84,Q,H,Q84H,-6.413,-6.407,0.073,0.087,14.16
SNP_164_IL,single,train,164,I,L,I164L,-6.413,-6.412,0.004,0.087,9.32
SNP_164_IV,single,train,164,I,V,I164V,-6.415,-6.415,0.004,0.085,9.32
SNP_145_DW,single,test,145,D,W,D145W,-6.416,-6.324,0.171,0.084,17.34
SNP_145_DY,single,test,145,D,Y,D145Y,-6.418,-6.358,0.136,0.082,17.34
SNP_85_VL,single,train,85,V,L,V85L,-6.42,-6.42,0.004,0.08,10.85
SNP_163_VL,single,train,163,V,L,V163L,-6.421,-6.422,0.004,0.079,10.97
SNP_161_TP,single,train,161,T,P,T161P,-6.43,-6.43,0.004,0.07,13.66
SNP_147_FC,single,train,147,F,C,F147C,-6.432,-6.433,0.004,0.068,16.17
SNP_146_TP,single,train,146,T,P,T146P,-6.433,-6.433,0.004,0.067,13.98
SNP_151_IF,single,train,151,I,F,I151F,-6.434,-6.434,0.004,0.066,19.63
SNP_88_ET,single,train,88,E,T,E88T,-6.441,-6.441,0.004,0.059,10.07
SNP_147_FM,single,train,147,F,M,F147M,-6.441,-6.441,0.004,0.059,16.17
SNP_86_ET,single,train,86,E,T,E86T,-6.442,-6.441,0.004,0.058,10.16
SNP_161_TG,single,train,161,T,G,T161G,-6.456,-6.456,0.004,0.044,13.66
SNP_146_TG,single,train,146,T,G,T146G,-6.458,-6.458,0.004,0.042,13.98
SNP_88_ED,single,train,88,E,D,E88D,-6.459,-6.459,0.004,0.041,10.07
SNP_86_ED,single,train,86,E,D,E86D,-6.46,-6.459,0.004,0.04,10.16
SNP_161_TS,single,train,161,T,S,T161S,-6.464,-6.464,0.004,0.036,13.66
SNP_145_DG,single,test,145,D,G,D145G,-6.465,-6.375,0.153,0.035,17.34
SNP_146_TS,single,train,146,T,S,T146S,-6.465,-6.465,0.004,0.035,13.98
SNP_145_DS,single,test,145,D,S,D145S,-6.47,-6.392,0.132,0.03,17.34
SNP_84_QN,single,test,84,Q,N,Q84N,-6.475,-6.462,0.079,0.025,14.16
SNP_151_IL,single,train,151,I,L,I151L,-6.476,-6.476,0.004,0.024,19.63
SNP_151_IV,single,train,151,I,V,I151V,-6.477,-6.477,0.004,0.023,19.63
SNP_145_DE,single,test,145,D,E,D145E,-6.484,-6.451,0.118,0.016,17.34
SNP_145_DT,single,test,145,D,T,D145T,-6.489,-6.424,0.126,0.011,17.34
SNP_85_VI,single,train,85,V,I,V85I,-6.492,-6.492,0.004,0.008,10.85
SNP_163_VI,single,train,163,V,I,V163I,-6.492,-6.492,0.004,0.008,10.97
SNP_147_FL,single,train,147,F,L,F147L,-6.541,-6.541,0.004,-0.041,16.17
SNP_147_FV,single,train,147,F,V,F147V,-6.542,-6.542,0.004,-0.042,16.17
SNP_147_FI,single,train,147,F,I,F147I,-6.578,-6.578,0.004,-0.078,16.17
SNP_145_DM,single,test,145,D,M,D145M,-6.58,-6.533,0.165,-0.08,17.34
SNP_145_DA,single,test,145,D,A,D145A,-6.583,-6.526,0.162,-0.083,17.34
SNP_84_QW,single,test,84,Q,W,Q84W,-6.61,-6.549,0.101,-0.11,14.16
SNP_145_DF,single,test,145,D,F,D145F,-6.611,-6.567,0.175,-0.111,17.34
SNP_84_QY,single,test,84,Q,Y,Q84Y,-6.613,-6.579,0.091,-0.113,14.16
SNP_171_FL,single,train,171,F,L,F171L,-6.617,-6.618,0.004,-0.117,7.87
SNP_171_FV,single,train,171,F,V,F171V,-6.62,-6.621,0.004,-0.12,7.87
SNP_84_QG,single,test,84,Q,G,Q84G,-6.621,-6.536,0.11,-0.121,14.16
SNP_165_GM,single,train,165,G,M,G165M,-6.621,-6.621,0.004,-0.121,7.57
SNP_84_QS,single,test,84,Q,S,Q84S,-6.628,-6.614,0.09,-0.128,14.16
SNP_168_GM,single,test,168,G,M,G168M,-6.63,-6.611,0.012,-0.13,7.0
SNP_145_DC,single,test,145,D,C,D145C,-6.633,-6.57,0.171,-0.133,17.34
SNP_146_TA,single,train,146,T,A,T146A,-6.638,-6.638,0.004,-0.138,13.98
SNP_146_TM,single,train,146,T,M,T146M,-6.638,-6.638,0.004,-0.138,13.98
SNP_161_TA,single,train,161,T,A,T161A,-6.644,-6.644,0.004,-0.144,13.66
SNP_161_TM,single,train,161,T,M,T161M,-6.644,-6.644,0.004,-0.144,13.66
SNP_84_QT,single,test,84,Q,T,Q84T,-6.662,-6.643,0.092,-0.162,14.16
SNP_86_EA,single,train,86,E,A,E86A,-6.664,-6.664,0.004,-0.164,10.16
SNP_88_EA,single,train,88,E,A,E88A,-6.666,-6.666,0.004,-0.166,10.07
SNP_145_DL,single,test,145,D,L,D145L,-6.667,-6.605,0.193,-0.167,17.34
SNP_146_TF,single,train,146,T,F,T146F,-6.685,-6.685,0.004,-0.185,13.98
SNP_161_TF,single,train,161,T,F,T161F,-6.693,-6.693,0.004,-0.193,13.66
SNP_145_DI,single,test,145,D,I,D145I,-6.699,-6.662,0.188,-0.199,17.34
SNP_145_DV,single,test,145,D,V,D145V,-6.702,-6.658,0.184,-0.202,17.34
SNP_146_TC,single,train,146,T,C,T146C,-6.713,-6.713,0.004,-0.213,13.98
SNP_171_FI,single,train,171,F,I,F171I,-6.721,-6.719,0.004,-0.221,7.87
SNP_161_TC,single,train,161,T,C,T161C,-6.722,-6.722,0.004,-0.222,13.66
SNP_165_GF,single,train,165,G,F,G165F,-6.727,-6.727,0.004,-0.227,7.57
SNP_86_EM,single,train,86,E,M,E86M,-6.736,-6.736,0.004,-0.236,10.16
SNP_88_EM,single,train,88,E,M,E88M,-6.738,-6.738,0.004,-0.238,10.07
SNP_168_GF,single,test,168,G,F,G168F,-6.743,-6.72,0.013,-0.243,7.0
SNP_146_TL,single,train,146,T,L,T146L,-6.77,-6.77,0.004,-0.27,13.98
SNP_161_TL,single,train,161,T,L,T161L,-6.781,-6.781,0.004,-0.281,13.66
SNP_165_GA,single,train,165,G,A,G165A,-6.782,-6.782,0.004,-0.282,7.57
SNP_86_EC,single,train,86,E,C,E86C,-6.785,-6.785,0.004,-0.285,10.16
SNP_88_EC,single,train,88,E,C,E88C,-6.788,-6.788,0.004,-0.288,10.07
SNP_84_QA,single,test,84,Q,A,Q84A,-6.797,-6.759,0.108,-0.297,14.16
SNP_168_GA,single,test,168,G,A,G168A,-6.804,-6.788,0.01,-0.304,7.0
SNP_86_EF,single,train,86,E,F,E86F,-6.812,-6.812,0.004,-0.312,10.16
SNP_88_EF,single,train,88,E,F,E88F,-6.816,-6.816,0.004,-0.316,10.07
SNP_146_TI,single,train,146,T,I,T146I,-6.819,-6.819,0.004,-0.319,13.98
SNP_146_TV,single,train,146,T,V,T146V,-6.825,-6.825,0.004,-0.325,13.98
SNP_161_TI,single,train,161,T,I,T161I,-6.832,-6.832,0.004,-0.332,13.66
SNP_165_GC,single,train,165,G,C,G165C,-6.832,-6.832,0.004,-0.332,7.57
SNP_161_TV,single,train,161,T,V,T161V,-6.838,-6.838,0.004,-0.338,13.66
SNP_84_QM,single,test,84,Q,M,Q84M,-6.854,-6.82,0.103,-0.354,14.16
SNP_168_GC,single,test,168,G,C,G168C,-6.857,-6.832,0.011,-0.357,7.0
SNP_84_QC,single,test,84,Q,C,Q84C,-6.871,-6.806,0.119,-0.371,14.16
SNP_84_QF,single,test,84,Q,F,Q84F,-6.901,-6.829,0.113,-0.401,14.16
SNP_165_GL,single,train,165,G,L,G165L,-6.916,-6.917,0.004,-0.416,7.57
SNP_168_GL,single,test,168,G,L,G168L,-6.947,-6.915,0.014,-0.447,7.0
SNP_86_EL,single,train,86,E,L,E86L,-6.949,-6.948,0.004,-0.449,10.16
SNP_88_EL,single,train,88,E,L,E88L,-6.954,-6.954,0.004,-0.454,10.07
SNP_84_QL,single,test,84,Q,L,Q84L,-6.984,-6.937,0.112,-0.484,14.16
SNP_84_QV,single,test,84,Q,V,Q84V,-7.012,-6.968,0.118,-0.512,14.16
SNP_86_EV,single,train,86,E,V,E86V,-7.019,-7.019,0.004,-0.519,10.16
SNP_88_EV,single,train,88,E,V,E88V,-7.025,-7.025,0.004,-0.525,10.07
SNP_165_GI,single,train,165,G,I,G165I,-7.025,-7.024,0.004,-0.525,7.57
SNP_86_EI,single,train,86,E,I,E86I,-7.028,-7.028,0.004,-0.528,10.16
SNP_84_QI,single,test,84,Q,I,Q84I,-7.032,-6.954,0.125,-0.532,14.16
SNP_88_EI,single,train,88,E,I,E88I,-7.034,-7.034,0.004,-0.534,10.07
SNP_165_GV,single,train,165,G,V,G165V,-7.037,-7.038,0.004,-0.537,7.57
SNP_167_PA,single,train,167,P,A,P167A,-7.062,-7.062,0.004,-0.562,5.91
SNP_168_GI,single,test,168,G,I,G168I,-7.064,-7.025,0.014,-0.564,7.0
SNP_168_GV,single,test,168,G,V,G168V,-7.077,-7.045,0.012,-0.577,7.0
